,predict,name,position,team
0,3.28,Aaron Connolly,FWD,Brighton
1,3.19,Aaron Cresswell,DEF,West Ham
2,2.0066666666666664,Aaron Lennon,MID,Burnley
3,3.26,Aaron Ramsdale,GK,Sheffield Utd
4,2.32,Aaron Ramsey,MID,Aston Villa
5,1.32,Aaron Wan-Bissaka,DEF,Man Utd
6,2.5066666666666664,Abdoulaye Doucouré,MID,Everton
7,0.95,Abu Kamara,FWD,Norwich
8,2.45,Adam Armstrong,FWD,Southampton
9,1.78,Adam Forshaw,MID,Leeds
10,1.3704705882352943,Adam Idah,FWD,Norwich
11,3.39,Adam Lallana,MID,Brighton
12,2.23,Adam Masina,DEF,Watford
13,2.54,Adam Webster,DEF,Brighton
14,4.06,Adama Traoré,MID,Wolves
15,3.11,Adedapo Awokoya-Mebude,FWD,Watford
16,3.02,Ademola Lookman,MID,Fulham
17,1.94,Adrián San Miguel del Castillo,GK,Liverpool
18,1.81,Ainsley Maitland-Niles,DEF,Arsenal
19,0.7,Ajibola Alese,DEF,West Ham
20,2.41,Albert Sambi Lokonga,MID,Arsenal
21,1.87,Alejandro Garnacho Ferreyra,MID,Man Utd
22,2.54,Alex Iwobi,MID,Everton
23,1.43,Alex Kirk,DEF,Arsenal
24,2.18,Alex Kral,MID,West Ham
25,1.6416666666666668,Alex McCarthy,GK,Southampton
26,2.68,Alex Nicolao Telles,DEF,Man Utd
27,2.35,Alex Oxlade-Chamberlain,MID,Liverpool
28,2.52,Alexandre Lacazette,FWD,Arsenal
29,3.32,Alexis Mac Allister,MID,Brighton
30,1.15,Alfie Devine,MID,Spurs
31,2.89,Alireza Jahanbakhsh,MID,Brighton
32,4.560416666666667,Alisson Ramses Becker,GK,Liverpool
33,1.72,Allan Marques Loureiro,MID,Everton
34,3.21,Allan Saint-Maximin,MID,Newcastle
35,2.9,Alphonse Areola,GK,Fulham
36,1.38,Amad Diallo,MID,Man Utd
37,3.09,Andi Zeqiri,FWD,Brighton
38,2.73,Andre Gray,FWD,Watford
39,2.29,Andreas Christensen,DEF,Chelsea
40,1.15,Andreas Pereira,MID,Man Utd
41,2.26,Andreas Söndergaard,GK,Wolves
42,0.91,Andrew Omobamidele,DEF,Norwich
43,3.51,Andrew Robertson,DEF,Liverpool
44,3.81,Andriy Yarmolenko,MID,West Ham
45,2.2804705882352945,Andros Townsend,MID,Crystal Palace
46,2.38,André Filipe Tavares Gomes,MID,Everton
47,0.63,Andy Lonergan,GK,West Brom
48,2.84,Angelo Ogbonna,DEF,West Ham
49,0.75,Angus Gunn,GK,Southampton
50,1.86,Anthony Elanga,MID,Man Utd
51,1.65,Anthony Gordon,MID,Everton
52,4.99,Anthony Martial,FWD,Man Utd
53,1.57,Antonio Rüdiger,DEF,Chelsea
54,4.62,Anwar El Ghazi,MID,Aston Villa
55,1.15,Archie Gray,MID,Leeds
56,2.06,Armando Broja,FWD,Southampton
57,0.67,Armstrong Oko-Flex,MID,West Ham
58,2.5,Arthur Masuaku,DEF,West Ham
59,0.91,Arthur Okonkwo,GK,Arsenal
60,2.150470588235294,Ashley Barnes,FWD,Burnley
61,3.57,Ashley Fletcher,FWD,Watford
62,3.0,Ashley Westwood,MID,Burnley
63,2.63,Ashley Young,DEF,Aston Villa
64,1.68,Asmir Begović,GK,Everton
65,2.13,Axel Tuanzebe,DEF,Man Utd
66,3.130416666666666,Aymeric Laporte,DEF,Man City
67,1.84,Ayotomiwa Dele-Bashiru,MID,Watford
68,3.25,Ayoze Pérez,MID,Leicester
69,0.7,Bailey Peacock-Farrell,GK,Burnley
70,2.21,Bali Mumba,DEF,Norwich
71,4.51,Bamidele Alli,MID,Spurs
72,1.31,Ben Davies,DEF,Spurs
73,1.76,Ben Foster,GK,Watford
74,2.27,Ben Gibson,DEF,Burnley
75,2.11,Ben Godfrey,DEF,Everton
76,1.46,Ben Johnson,DEF,West Ham
77,1.4304705882352942,Ben Mee,DEF,Burnley
78,0.8,Ben Nelson,DEF,Leicester
79,2.1,Ben White,DEF,Brighton
80,1.84,Ben Wilmot,DEF,Watford
81,0.67,Ben Woodburn,MID,Liverpool
82,4.19,Benjamin Chilwell,DEF,Chelsea
83,1.16,Benjamin Chrisene,MID,Aston Villa
84,2.77,Benjamin Mendy,DEF,Man City
85,2.31,Bernard Anício Caldeira Duarte,MID,Everton
86,1.01,Bernardo Fernandes Da Silva Junior,DEF,Brighton
87,3.54,Bernardo Mota Veiga de Carvalho e Silva,MID,Man City
88,1.5604705882352943,Bernd Leno,GK,Arsenal
89,3.31,Bertrand Traoré,MID,Aston Villa
90,1.1,Billy Gilmour,MID,Chelsea
91,1.05,Björn Engels,DEF,Aston Villa
92,1.89,Bobby Thomas,DEF,Burnley
93,2.35,Boubakary Soumaré,MID,Leicester
94,1.91,Brandon Austin,GK,Spurs
95,1.2,Brandon Williams,DEF,Man Utd
96,1.01,Bruno André Cavaco Jordão,MID,Wolves
97,2.14,Bruno Guimarães Rodriguez Moura,MID,Newcastle
98,3.38,Bruno Miguel Borges Fernandes,MID,Man Utd
99,3.33,Bryan Gil Salvatierra,MID,Spurs
100,2.27,Bryan Mbeumo,MID,Brentford
101,4.09,Bukayo Saka,MID,Arsenal
102,2.78,Callum Hudson-Odoi,MID,Chelsea
103,6.08,Callum Wilson,FWD,Newcastle
104,2.1604705882352944,Calum Chambers,DEF,Arsenal
105,1.5204705882352942,Cameron Archer,FWD,Aston Villa
106,2.08,Caoimhin Kelleher,GK,Liverpool
107,2.09,Carney Chukwuemeka,MID,Aston Villa
108,1.44,Cenk Tosun,FWD,Everton
109,1.1,Charlie Cresswell,DEF,Leeds
110,1.67,Charlie Goode,DEF,Brentford
111,0.61,Charlie Patino,MID,Arsenal
112,2.78,Charlie Taylor,DEF,Burnley
113,0.62,Charlie Whitaker,MID,Everton
114,2.08,Che Adams,FWD,Southampton
115,1.64,Cheikhou Kouyaté,MID,Crystal Palace
116,1.65,Chem Campbell,MID,Wolves
117,2.96,Chris Wood,FWD,Burnley
118,4.540470588235294,Christian Benteke,FWD,Crystal Palace
119,3.49,Christian Eriksen,MID,Brentford
120,2.07,Christian Kabasele,DEF,Watford
121,2.38,Christian Marques,DEF,Wolves
122,3.14,Christian Nørgaard,MID,Brentford
123,3.72,Christian Pulisic,MID,Chelsea
124,2.43,Christoph Zimmermann,DEF,Norwich
125,1.35,Christos Tzolis,MID,Norwich
126,2.39,Ciaran Clark,DEF,Newcastle
127,1.73,Cieran Slicker,GK,Man City
128,2.27,Cody Drameh,DEF,Leeds
129,2.64,Cole Palmer,MID,Man City
130,2.5504166666666666,Connor Roberts,DEF,Burnley
131,1.69,Conor Bradley,DEF,Liverpool
132,2.46,Conor Coady,DEF,Wolves
133,0.82,Conor Coventry,MID,West Ham
134,1.75,Conor Gallagher,MID,West Brom
135,1.4,Conor Hourihane,MID,Aston Villa
136,1.89,Conrad Egan-Riley,DEF,Man City
137,1.8404705882352943,Craig Cathcart,DEF,Watford
138,2.03,Craig Dawson,DEF,West Ham
139,1.36,Cristian Romero,DEF,Spurs
140,4.22,Cristiano Ronaldo dos Santos Aveiro,FWD,Man Utd
141,1.62,Crysencio Summerville,MID,Leeds
142,2.65,Curtis Jones,MID,Liverpool
143,3.15,Cédric Soares,DEF,Arsenal
144,2.5,César Azpilicueta,DEF,Chelsea
145,1.89,Dale Stephens,MID,Brighton
146,1.3504166666666668,Dan Burn,DEF,Brighton
147,2.41,Dan Gosling,MID,Watford
148,0.64,Dane Scarlett,FWD,Spurs
149,1.11,Daniel Amartey,DEF,Leicester
150,0.62,Daniel Bachmann,GK,Watford
151,2.41,Daniel Castelo Podence,MID,Wolves
152,0.78,Daniel Chesters,MID,West Ham
153,2.79,Daniel James,MID,Man Utd
154,0.59,Daniel N'Lundulu,FWD,Southampton
155,3.46,Danny Ings,FWD,Southampton
156,3.33,Danny Rose,DEF,Spurs
157,0.59,Danny Ward,GK,Leicester
158,3.35,Danny Welbeck,FWD,Brighton
159,1.53,Dara Costelloe,MID,Burnley
160,2.06,Darren Randolph,GK,West Ham
161,1.99,David Raya Martin,GK,Brentford
162,2.62,David de Gea,GK,Man Utd
163,1.18,Davinson Sánchez,DEF,Spurs
164,1.13,Davy Pröpper,MID,Brighton
165,2.82,Dean Henderson,GK,Man Utd
166,2.81,Declan Rice,MID,West Ham
167,3.38,Dejan Kulusevski,MID,Spurs
168,2.13,Demarai Gray,MID,Leicester
169,1.05,Dennis Praet,MID,Leicester
170,2.76,Diego Llorente,DEF,Leeds
171,1.5,Dilan Markanday,MID,Spurs
172,2.14,Dimitris Giannoulis,DEF,Norwich
173,3.75,Diogo Jota,MID,Wolves
174,0.9,Dion Sanderson,DEF,Wolves
175,1.67,Divock Origi,FWD,Liverpool
176,2.12,Domingos Quina,MID,Watford
177,3.65,Dominic Calvert-Lewin,FWD,Everton
178,1.49,Dominic Thompson,DEF,Brentford
179,2.7904705882352943,Donny van de Beek,MID,Man Utd
180,1.66,Douglas Luiz Soares de Paulo,MID,Aston Villa
181,2.46,Dwight Gayle,FWD,Newcastle
182,2.7,Dwight McNeil,MID,Burnley
183,0.55,Dynel Simeu,DEF,Southampton
184,2.96,Eberechi Eze,MID,Crystal Palace
185,1.3,Ed Turns,DEF,Brighton
186,4.560416666666667,Ederson Santana de Moraes,GK,Man City
187,4.37,Edinson Cavani,FWD,Man Utd
188,3.26,Edo Kayembe,MID,Watford
189,3.16,Edouard Mendy,GK,Chelsea
190,1.87,Edward Nketiah,FWD,Arsenal
191,1.36,Eldin Jakupovic,GK,Leicester
192,0.91,Ellery Balcombe,GK,Brentford
193,1.22,Elliot Anderson,MID,Newcastle
194,2.4,Ellis Simms,FWD,Everton
195,1.01,Emerson Aparecido Leite de Souza Junior,DEF,Spurs
196,0.65,Emerson Palmieri dos Santos,DEF,Chelsea
197,2.15,Emil Krafth,DEF,Newcastle
198,2.51,Emile Smith Rowe,MID,Arsenal
199,2.23,Emiliano Buendía Stati,MID,Aston Villa
200,3.1,Emiliano Martínez,GK,Arsenal
201,4.4,Emmanuel Dennis,FWD,Watford
202,3.48,Enock Mwepu,MID,Brighton
203,1.47,Eric Bailly,DEF,Man Utd
204,1.36,Eric Dier,DEF,Spurs
205,2.47,Erik Lamela,MID,Spurs
206,1.7904705882352943,Erik Pieters,DEF,Burnley
207,0.8,Ethan Ampadu,DEF,Sheffield Utd
208,1.18,Ethan Pinnock,DEF,Brentford
209,0.93,Evan Ferguson,FWD,Brighton
210,1.68,Ezri Konsa Ngoyo,DEF,Aston Villa
211,0.7804166666666668,Fabian Delph,MID,Everton
212,1.1,Fabian Schär,DEF,Newcastle
213,1.9704166666666665,Fabio Henrique Tavares,MID,Liverpool
214,2.1,Fabio Silva,FWD,Wolves
215,1.05,Federico Fernández,DEF,Newcastle
216,2.78,Fernando Luiz Rosa,DEF,Man City
217,1.6,Fernando Marçal,DEF,Wolves
218,5.23,Ferran Torres,MID,Man City
219,1.14,Filip Marschall,GK,Aston Villa
220,1.73,Finley Stevens,DEF,Brentford
221,1.97,Florin Andone,FWD,Brighton
222,2.9,Folarin Balogun,FWD,Arsenal
223,1.13,Francisco Casilla Cortés,GK,Leeds
224,2.02,Francisco Femenía Far,DEF,Watford
225,1.62,Francisco Jorge Tomás Oliveira,MID,Wolves
226,2.85,Francisco Machado Mota de Castro Trincão,MID,Wolves
227,2.18,Francisco Sierralta,DEF,Watford
228,2.81,Frank Onyeka,MID,Brentford
229,2.76,Fraser Forster,GK,Southampton
230,2.33,Freddie Woodman,GK,Newcastle
231,2.26,Frederico Rodrigues de Paula Santos,MID,Man Utd
232,2.17,Frederik Alves,DEF,West Ham
233,1.12,Frédéric Guilbert,DEF,Aston Villa
234,4.47,Gabriel Fernando de Jesus,FWD,Man City
235,2.47,Gabriel Magalhães,DEF,Arsenal
236,2.4,Gabriel Teodoro Martinelli Silva,MID,Arsenal
237,3.36,Giovani Lo Celso,MID,Spurs
238,2.9,Granit Xhaka,MID,Arsenal
239,1.37,Grant Hanley,DEF,Norwich
240,4.12,Gylfi Sigurdsson,MID,Everton
241,3.07,Hakim Ziyech,MID,Chelsea
242,1.95,Halil Dervişoğlu,FWD,Brentford
243,2.33,Hamza Choudhury,MID,Leicester
244,0.87,Hannibal Mejbri,MID,Man Utd
245,1.0,Harrison Ashby,DEF,West Ham
246,2.97,Harry Kane,FWD,Spurs
247,0.5216666666666666,Harry Lewis,GK,Southampton
248,1.97,Harry Maguire,DEF,Man Utd
249,0.9,Harry Tyrer,GK,Everton
250,2.2804166666666665,Harry Winks,MID,Spurs
251,1.94,Harvey Barnes,MID,Leicester
252,2.42,Harvey Elliott,MID,Liverpool
253,0.66,Harvey Vale,MID,Chelsea
254,2.2,Harvey White,MID,Spurs
255,1.6,Hassane Kamara,DEF,Watford
256,1.75,Haydon Roberts,DEF,Brighton
257,2.08,Hee-Chan Hwang,FWD,Wolves
258,3.31,Heung-Min Son,MID,Spurs
259,0.77,Hugo Bueno,DEF,Wolves
260,2.92,Hugo Lloris,GK,Spurs
261,2.88,Héctor Bellerín,DEF,Arsenal
262,2.77,Héctor Junior Firpo Adames,DEF,Leeds
263,1.81,Hélder Wander Sousa de Azevedo e Costa,MID,Leeds
264,1.21,Ian Carlo Poveda-Ocampo,MID,Leeds
265,2.77,Ibrahima Diallo,MID,Southampton
266,1.7104705882352942,Ibrahima Konaté,DEF,Liverpool
267,3.86,Ilkay Gündogan,MID,Man City
268,2.09,Illan Meslier,GK,Leeds
269,2.76,Imrân Louza,MID,Watford
270,2.67,Isaac Hayden,MID,Newcastle
271,0.89,Isaac Price,MID,Everton
272,3.5,Isaac Success Ajayi,FWD,Watford
273,3.47,Ismaila Sarr,MID,Watford
274,2.67,Issa Diop,DEF,West Ham
275,4.12,Ivan Toney,FWD,Brentford
276,1.97,Jack Butland,GK,Crystal Palace
277,2.46,Jack Cork,MID,Burnley
278,3.05,Jack Grealish,MID,Aston Villa
279,3.03,Jack Harrison,MID,Leeds
280,1.13,Jack Jenkins,MID,Leeds
281,0.9,Jack Stephens,DEF,Southampton
282,3.04,Jacob Murphy,MID,Newcastle
283,2.57,Jacob Ramsey,MID,Aston Villa
284,1.02,Jacob Sørensen,DEF,Norwich
285,1.65,Jaden Philogene-Bidace,MID,Aston Villa
286,3.14,Jadon Sancho,MID,Man Utd
287,1.26,Jairo Riedewald,MID,Crystal Palace
288,1.65,Jakub Moder,MID,Brighton
289,2.67,Jamaal Lascelles,DEF,Newcastle
290,1.2,Jamal Baptiste,DEF,West Ham
291,1.06,Jamal Lewis,DEF,Newcastle
292,1.69,James Justin,DEF,Leicester
293,3.67,James Maddison,MID,Leicester
294,2.25,James McArthur,MID,Crystal Palace
295,1.8,James McAtee,MID,Man City
296,2.26,James Milner,MID,Liverpool
297,2.87,James Morris,DEF,Watford
298,4.9,James Rodríguez,MID,Everton
299,1.06,James Storer,GK,Wolves
300,2.84,James Tarkowski,DEF,Burnley
301,1.84,James Tomkins,DEF,Crystal Palace
302,3.58,James Ward-Prowse,MID,Southampton
303,1.28,Jamie Bowden,MID,Spurs
304,2.36,Jamie Shackleton,MID,Leeds
305,3.8,Jamie Vardy,FWD,Leicester
306,2.23,Jan Bednarek,DEF,Southampton
307,2.4,Jan Zamburek,MID,Brentford
308,2.58,Jannik Vestergaard,DEF,Southampton
309,2.25,Japhet Tanganga,DEF,Spurs
310,0.97,Jarell Quansah,DEF,Liverpool
311,0.63,Jarosław Jach,DEF,Crystal Palace
312,2.07,Jarrad Branthwaite,DEF,Everton
313,3.94,Jarrod Bowen,MID,West Ham
314,1.19,Jason Steele,GK,Brighton
315,0.38,Javier Manquillo,DEF,Newcastle
316,1.71,Jay Rodriguez,FWD,Burnley
317,0.55,Jean-Philippe Gbamin,MID,Everton
318,1.64,Jean-Philippe Mateta,FWD,Crystal Palace
319,0.7,Jed Steer,GK,Aston Villa
320,2.97,Jeff Hendrick,MID,Newcastle
321,2.49,Jeffrey Schlupp,MID,Crystal Palace
322,2.55,Jeremy Ngakia,DEF,Watford
323,1.34,Jeremy Sarmiento,MID,Brighton
324,3.16,Jesse Lingard,MID,Man Utd
325,0.72,Jesurun Rak-Sakyi,MID,Crystal Palace
326,1.6004166666666668,Joachim Andersen,DEF,Fulham
327,1.19,Joe Gelhardt,FWD,Leeds
328,1.18,Joe Hart,GK,Spurs
329,2.54,Joe Rodon,DEF,Spurs
330,2.33,Joe White,MID,Newcastle
331,1.4,Joel Matip,DEF,Liverpool
332,2.68,Joel Ward,DEF,Crystal Palace
333,3.49,Joelinton Cássio Apolinário de Lira,FWD,Newcastle
334,2.33,Johann Berg Gudmundsson,MID,Burnley
335,2.66,John McGinn,MID,Aston Villa
336,1.3,John Ruddy,GK,Wolves
337,2.26,John Stones,DEF,Man City
338,1.81,Jon McCracken,GK,Norwich
339,1.53,Jonas Lössl,GK,Everton
340,2.05,Jonathan Castro Otto,DEF,Wolves
341,2.22,Jonathan Rowe,MID,Norwich
342,2.07,Jonathan Tomkinson,DEF,Norwich
343,2.12,Jonjo Shelvey,MID,Newcastle
344,2.26,Jonjoe Kenny,DEF,Everton
345,1.64,Jonny Evans,DEF,Leicester
346,1.83,Jordan Ayew,FWD,Crystal Palace
347,1.5608333333333335,Jordan Henderson,MID,Liverpool
348,2.27,Jordan Hugill,FWD,West Ham
349,2.44,Jordan Pickford,GK,Everton
350,2.04,Jorge Luiz Frello Filho,MID,Chelsea
351,2.36,Joseph Gomez,DEF,Liverpool
352,2.01,Joseph Hungbo,MID,Watford
353,2.7204166666666665,Joseph Willock,MID,Arsenal
354,0.7,Josh Benson,MID,Burnley
355,2.1,Josh Brownhill,MID,Burnley
356,1.25,Josh Feeney,DEF,Aston Villa
357,1.31,Josh Martin,MID,Norwich
358,4.090470588235294,Joshua King,FWD,Everton
359,3.2004705882352944,Joshua Sargent,FWD,Norwich
360,2.27,Joshua Wilson-Esbrand,DEF,Man City
361,2.03,José Diogo Dalot Teixeira,DEF,Man Utd
362,3.49,José Malheiro de Sá,GK,Wolves
363,1.59,João Filipe Iria Santos Moutinho,MID,Wolves
364,3.91,João Pedro Cavaco Cancelo,DEF,Man City
365,2.25,João Pedro Junqueira de Jesus,FWD,Watford
366,2.01,João Virgínia,GK,Everton
367,3.24,Joël Veltman,DEF,Brighton
368,1.27,Juan Camilo Hernández Suárez,FWD,Watford
369,1.84,Juan Mata,MID,Man Utd
370,0.8,Julian Jeanvier,DEF,Brentford
371,2.73,Juraj Kucka,MID,Watford
372,2.16,Jürgen Locadia,FWD,Brighton
373,2.62,Kai Havertz,MID,Chelsea
374,0.81,Kaide Gordon,MID,Liverpool
375,1.19,Kaine Hayden,MID,Aston Villa
376,2.29,Kalvin Phillips,MID,Leeds
377,3.06,Kamil Conteh,MID,Watford
378,1.58,Karl Darlow,GK,Newcastle
379,2.17,Karl Hein,GK,Arsenal
380,0.69,Kasey McAteer,MID,Leicester
381,2.0,Kasper Schmeichel,GK,Leicester
382,2.03,Kayky da Silva Chagas,FWD,Man City
383,1.4904705882352942,Keinan Davis,FWD,Aston Villa
384,3.45,Kelechi Iheanacho,FWD,Leicester
385,2.22,Ken Sema,MID,Watford
386,2.43,Kenny McLean,MID,Norwich
387,1.64,Kepa Arrizabalaga,GK,Chelsea
388,3.84,Kevin De Bruyne,MID,Man City
389,1.27,Kevin Long,DEF,Burnley
390,0.58,Kgaogelo Chauke,MID,Southampton
391,0.99,Ki-Jana Hoever,DEF,Wolves
392,3.57,Kieran Dowell,MID,Norwich
393,2.07,Kieran Tierney,DEF,Arsenal
394,2.0604705882352943,Kieran Trippier,DEF,Newcastle
395,1.49,Kiernan Dewsbury-Hall,MID,Leicester
396,2.54,Kjell Scherpen,GK,Brighton
397,0.57,Konstantinos Mavropanos,DEF,Arsenal
398,0.46,Konstantinos Tsimikas,DEF,Liverpool
399,2.49,Kortney Hause,DEF,Aston Villa
400,0.99,Kris Moore,DEF,Leeds
401,2.34,Kristoffer Ajer,DEF,Brentford
402,2.25,Kristoffer Klaesson,GK,Leeds
403,2.36,Kurt Zouma,DEF,Chelsea
404,2.2804705882352945,Kwadwo Baah,MID,Watford
405,1.8,Kyle Walker,DEF,Man City
406,1.49,Kyle Walker-Peters,DEF,Southampton
407,2.15,Lamare Bogarde,DEF,Aston Villa
408,1.77,Leander Dendoncker,MID,Wolves
409,4.22,Leandro Trossard,MID,Brighton
410,1.82,Leo Fuhr Hjelde,DEF,Leeds
411,2.59,Leon Bailey,MID,Aston Villa
412,1.22,Lewis Bate,MID,Leeds
413,0.87,Lewis Brunt,MID,Leicester
414,0.6704705882352942,Lewis Dobbin,FWD,Everton
415,3.4604166666666663,Lewis Dunk,DEF,Brighton
416,0.74,Lewis Hall,MID,Chelsea
417,0.8204705882352941,Lewis Richardson,FWD,Burnley
418,2.86,Liam Cooper,DEF,Leeds
419,1.1904705882352942,Liam Delap,FWD,Man City
420,1.97,Liam Gibbs,MID,Norwich
421,1.3,Liam McCarron,MID,Leeds
422,2.37,Louie Moulden,GK,Wolves
423,0.88,Lucas De Bolle,MID,Newcastle
424,3.25,Lucas Digne,DEF,Everton
425,2.48,Lucas Rodrigues Moura da Silva,MID,Spurs
426,1.33,Lucas Torreira,MID,Arsenal
427,3.82,Luis Díaz,MID,Liverpool
428,1.51,Luka Milivojevic,MID,Crystal Palace
429,2.44,Lukas Rupp,MID,Norwich
430,3.35,Lukasz Fabianski,GK,West Ham
431,2.11,Luke Ayling,DEF,Leeds
432,1.37,Luke Cundle,MID,Wolves
433,1.93,Luke Mbete,DEF,Man City
434,1.010470588235294,Luke Shaw,DEF,Man Utd
435,1.64,Luke Thomas,DEF,Leicester
436,1.86,Lyanco Evangelista Silveira Neves Vojnovic,DEF,Southampton
437,2.64,Mads Bech Sørensen,DEF,Brentford
438,2.37,Mads Bidstrup,MID,Brentford
439,2.26,Mads Roerslev Rasmussen,DEF,Brentford
440,1.87,Mahmoud Ahmed Ibrahim Hassan,MID,Aston Villa
441,3.51,Malang Sarr,DEF,Chelsea
442,3.44,Manuel Lanzini,MID,West Ham
443,2.75,Marc Albrighton,MID,Leicester
444,2.92,Marc Cucurella,DEF,Brighton
445,1.84,Marc Guéhi,DEF,Crystal Palace
446,1.41,Marc Leonard,MID,Brighton
447,3.28,Marc Navarro,DEF,Watford
448,1.55,Marcel Lavinier,DEF,Spurs
449,0.99,Marcelo Flores,MID,Arsenal
450,0.8,Marcelo de Araújo Pitaluga Filho,GK,Liverpool
451,1.31,Marco Stiepermann,MID,Norwich
452,4.22,Marcos Alonso,DEF,Chelsea
453,0.95,Marcus Bettinelli,GK,Fulham
454,2.64,Marcus Forss,FWD,Brentford
455,3.47,Marcus Rashford,MID,Man Utd
456,1.14,Mark Gillespie,GK,Newcastle
457,1.61,Mark Noble,MID,West Ham
458,1.64,Martin Dubravka,GK,Newcastle
459,0.14,Martin Kelly,DEF,Crystal Palace
460,2.95,Martin Ødegaard,MID,Arsenal
461,2.48,Marvelous Nakamba,MID,Aston Villa
462,5.43,Mason Greenwood,MID,Man Utd
463,1.67,Mason Holgate,DEF,Everton
464,3.38,Mason Mount,MID,Chelsea
465,3.73,Matej Vydra,FWD,Burnley
466,1.29,Mateo Kovacic,MID,Chelsea
467,2.8,Mateusz Klich,MID,Leeds
468,1.13,Mathew Ryan,GK,Brighton
469,2.85,Mathias Jensen,MID,Brentford
470,1.48,Mathias Jorgensen,DEF,Brentford
471,2.51,Mathias Normann,MID,Norwich
472,1.43,Matt Doherty,DEF,Spurs
473,2.54,Matt Ritchie,MID,Newcastle
474,1.8,Matt Targett,DEF,Aston Villa
475,2.35,Matthew Cash,DEF,Aston Villa
476,2.08,Matthew Cox,GK,Brentford
477,1.53,Matthew Craig,MID,Spurs
478,1.24,Matthew Longstaff,MID,Newcastle
479,1.97,Matthew Lowton,DEF,Burnley
480,3.06,Matthew Pollock,DEF,Watford
481,0.57,Mattéo Guendouzi,MID,Arsenal
482,1.43,Max Aarons,DEF,Norwich
483,2.33,Max Kilman,DEF,Wolves
484,3.42,Maxwel Cornet,MID,Burnley
485,2.43,Maxwell Haygarth,MID,Brentford
486,1.01,Mazeed Ogungbo,DEF,Arsenal
487,2.28,Mbwana Ally Samatta,FWD,Aston Villa
488,2.31,Michael Keane,DEF,Everton
489,0.9,Michael McGovern,GK,Norwich
490,2.7616666666666667,Michael Obafemi,FWD,Southampton
491,1.86,Michael Olise,MID,Crystal Palace
492,3.09,Michail Antonio,FWD,West Ham
493,1.15,Michal Karbownik,DEF,Brighton
494,2.29,Michy Batshuayi,FWD,Crystal Palace
495,2.27,Miguel Almirón,MID,Newcastle
496,0.61,Miguel Azeez,MID,Arsenal
497,0.9604705882352941,Mika Biereth,FWD,Arsenal
498,2.86,Milot Rashica,MID,Norwich
499,2.3804166666666666,Mohamed Elyounoussi,MID,Southampton
500,3.52,Mohamed Naser El Sayed Elneny,MID,Arsenal
501,4.15,Mohamed Salah,MID,Liverpool
502,1.94,Mohammed Salisu,DEF,Southampton
503,2.48,Moise Kean,FWD,Everton
504,2.98,Moisés Caicedo,MID,Brighton
505,2.45,Morgan Gibbs-White,MID,Wolves
506,1.68,Morgan Sanson,MID,Aston Villa
507,1.33,Moussa Djenepo,MID,Southampton
508,1.5,Moussa Sissoko,MID,Spurs
509,2.53,Myles Peart-Harris,MID,Brentford
510,1.88,N'Golo Kanté,MID,Chelsea
511,2.44,Naby Keita,MID,Liverpool
512,1.6504166666666666,Nampalys Mendy,MID,Leicester
513,2.52,Nathan Aké,DEF,Man City
514,0.54,Nathan Broadhead,MID,Everton
515,2.82,Nathan Collins,DEF,Burnley
516,0.79,Nathan Ferguson,DEF,Crystal Palace
517,1.85,Nathan Patterson,DEF,Everton
518,2.34,Nathan Redmond,MID,Southampton
519,1.66,Nathan Tella,MID,Southampton
520,0.5504705882352942,Nathan Young-Coombes,FWD,Brentford
521,2.25,Nathaniel Chalobah,MID,Watford
522,1.78,Nathaniel Clyne,DEF,Crystal Palace
523,2.04,Nathaniel Phillips,DEF,Liverpool
524,2.55,Neal Maupay,FWD,Brighton
525,1.83,Neco Williams,DEF,Liverpool
526,1.7504166666666665,Nemanja Matic,MID,Man Utd
527,4.63,Nick Pope,GK,Burnley
528,2.17,Nicolas Nkoulou,DEF,Watford
529,3.27,Nicolas Pépé,MID,Arsenal
530,0.51,Niels Nkounkou,DEF,Everton
531,2.87,Nikola Vlasic,MID,West Ham
532,1.14,Nohan Kenneh,MID,Leeds
533,2.22,Nuno Varela Tavares,DEF,Arsenal
534,1.66,Nélson Cabral Semedo,DEF,Wolves
535,1.26,Odeluga Offiah,DEF,Brighton
536,3.71,Odsonne Edouard,FWD,Crystal Palace
537,2.230470588235294,Oghenekaro Peter Etebo,MID,Watford
538,2.63,Oleksandr Zinchenko,DEF,Man City
539,2.96,Oliver Skipp,MID,Spurs
540,2.4,Olivier Giroud,FWD,Chelsea
541,3.53,Ollie Watkins,FWD,Aston Villa
542,0.78,Omari Hutchinson,MID,Arsenal
543,1.35,Onel Hernández,MID,Norwich
544,2.2304166666666667,Oriol Romeu Vidal,MID,Southampton
545,0.97,Owen Beck,DEF,Liverpool
546,1.96,Owen Dodgson,DEF,Burnley
547,2.23,Owen Otasowie,MID,Wolves
548,1.84,Ozan Kabak,DEF,Liverpool
549,2.25,Ozan Tufan,MID,Watford
550,3.5,Pablo Fornals,MID,West Ham
551,2.2,Pablo Hernández Domínguez,MID,Leeds
552,1.98,Pablo Marí,DEF,Arsenal
553,2.43,Paris Maghoma,MID,Brentford
554,3.3,Pascal Groß,MID,Brighton
555,2.12,Pascal Struijk,DEF,Leeds
556,5.08,Patrick Bamford,FWD,Leeds
557,1.51,Patrick Cutrone,FWD,Wolves
558,1.02,Patrik Gunnarsson,GK,Brentford
559,3.27,Patson Daka,FWD,Leicester
560,1.15,Paul Dummett,DEF,Newcastle
561,3.37,Paul Pogba,MID,Man Utd
562,2.63,Pedro Lomba Neto,MID,Wolves
563,2.35,Pelenda Joshua Dasilva,MID,Brentford
564,1.97,Phil Bardsley,DEF,Burnley
565,3.66,Phil Foden,MID,Man City
566,0.88,Phil Jones,DEF,Man Utd
567,2.7,Philip Zinckernagel,MID,Watford
568,3.73,Philippe Coutinho Correia,MID,Aston Villa
569,2.65,Pierluigi Gollini,GK,Spurs
570,1.65,Pierre Ekwah,DEF,West Ham
571,2.47,Pierre Lees-Melou,MID,Norwich
572,4.6,Pierre-Emerick Aubameyang,MID,Arsenal
573,1.81,Pierre-Emile Højbjerg,MID,Spurs
574,2.51,Pontus Jansson,DEF,Brentford
575,1.24,Przemyslaw Placheta,MID,Norwich
576,3.53,Raheem Sterling,MID,Man City
577,4.32,Raphael Dias Belloli,MID,Leeds
578,2.58,Raphaël Varane,DEF,Man Utd
579,2.19,Rayan Ait Nouri,DEF,Wolves
580,4.65,Raúl Jiménez,FWD,Wolves
581,0.78,Reece Hannam,DEF,Crystal Palace
582,2.17,Reece James,DEF,Chelsea
583,0.6,Reece Welch,DEF,Everton
584,1.04,Reiss Nelson,MID,Arsenal
585,0.76,Remi Matthews,GK,Crystal Palace
586,0.69,Rhys Williams,DEF,Liverpool
587,2.3504705882352943,Ricardo Domingos Barbosa Pereira,DEF,Leicester
588,2.88,Richarlison de Andrade,FWD,Everton
589,2.27,Rico Henry,DEF,Brentford
590,3.67,Riyad Mahrez,MID,Man City
591,2.21,Rob Holding,DEF,Arsenal
592,2.62,Robert Elliot,GK,Watford
593,0.67,Robert Kenedy Nunes do Nascimento,DEF,Chelsea
594,2.07,Robert Street,FWD,Crystal Palace
595,4.13,Robert Sánchez,GK,Brighton
596,3.88,Roberto Firmino,FWD,Liverpool
597,2.37,Robin Koch,DEF,Leeds
598,1.14,Robin Olsen,GK,Everton
599,2.58,Rodrigo Bentancur,MID,Spurs
600,2.79,Rodrigo Hernandez,MID,Man City
601,2.97,Rodrigo Moreno,FWD,Leeds
602,2.57,Romain Perraud,DEF,Southampton
603,2.92,Romain Saïss,DEF,Wolves
604,3.56,Romelu Lukaku,FWD,Chelsea
605,1.84,Romeo Lavia,MID,Man City
606,2.65,Ross Barkley,MID,Chelsea
607,2.84,Ruben Loftus-Cheek,MID,Chelsea
608,1.36,Rui Pedro dos Santos Patrício,GK,Wolves
609,0.55,Ryan Alebiosu,DEF,Arsenal
610,2.46,Ryan Bertrand,DEF,Southampton
611,2.06,Ryan Fraser,MID,Newcastle
612,1.22,Ryan Fredericks,DEF,West Ham
613,0.77,Ryan Giles,MID,Wolves
614,2.39,Ryan Sessegnon,DEF,Spurs
615,3.36,Rúben Diogo da Silva Neves,MID,Wolves
616,4.42,Rúben Santos Gato Alves Dias,DEF,Man City
617,2.19,Rúnar Alex Rúnarsson,GK,Arsenal
618,3.85,Sadio Mané,MID,Liverpool
619,0.61,Salah-Eddine Oulad M'hand,MID,Arsenal
620,4.03,Salomón Rondón,FWD,Everton
621,1.86,Sam Byram,DEF,Norwich
622,1.6,Sam Greenwood,FWD,Leeds
623,1.87,Sam Waller,GK,Burnley
624,2.72,Saman Ghoddos,MID,Brentford
625,2.36,Samir Caetano de Souza Santos,DEF,Watford
626,1.96,Samuel Edozie,MID,Man City
627,2.36,Samuel Kalu,MID,Watford
628,2.97,Saïd Benrahma,MID,West Ham
629,2.83,Saúl Ñíguez,MID,Chelsea
630,0.63,Scott Banks,MID,Crystal Palace
631,1.08,Scott Carson,GK,Man City
632,2.44,Scott McTominay,MID,Man Utd
633,1.01,Sead Kolasinac,DEF,Arsenal
634,1.5204166666666665,Seamus Coleman,DEF,Everton
635,2.86,Sean Longstaff,MID,Newcastle
636,2.31,Serge Aurier,DEF,Spurs
637,2.900470588235294,Sergi Canós,MID,Brentford
638,1.88,Sergio Reguilón,DEF,Spurs
639,2.7,Shandon Baptiste,MID,Brentford
640,1.1,Shane Duffy,DEF,Brighton
641,2.17,Shane Long,FWD,Southampton
642,2.64,Shaqai Forde,FWD,Watford
643,1.93,Shola Shoretire,MID,Man Utd
644,3.19,Solomon March,MID,Brighton
645,0.68,Sonny Perkins,MID,West Ham
646,1.8,Steven Alzate,MID,Brighton
647,2.63,Steven Bergwijn,MID,Spurs
648,2.87,Stipe Perica,FWD,Watford
649,2.51,Stuart Armstrong,MID,Southampton
650,2.55,Stuart Dallas,DEF,Leeds
651,1.6004705882352943,Stuart McKinstry,MID,Leeds
652,0.8004705882352942,Takehiro Tomiyasu,DEF,Arsenal
653,2.23,Takumi Minamino,MID,Liverpool
654,2.85,Tammy Abraham,FWD,Chelsea
655,3.56,Tanguy Ndombele,MID,Spurs
656,2.67,Tariq Lamptey,DEF,Brighton
657,1.47,Tariqe Fosu-Henry,MID,Brentford
658,1.37,Taylor Richards,MID,Brighton
659,0.59,Tayo Adaramola,DEF,Crystal Palace
660,3.13,Teemu Pukki,FWD,Norwich
661,3.46,Theo Walcott,MID,Everton
662,2.8,Thiago Alcántara do Nascimento,MID,Liverpool
663,2.75,Thiago Emiliano da Silva,DEF,Chelsea
664,0.57,Thierry Small,DEF,Southampton
665,2.16,Thomas Dickson-Peters,FWD,Norwich
666,1.38,Thomas McGill,GK,Brighton
667,2.46,Thomas Partey,MID,Arsenal
668,1.53,Tim Iroegbunam,MID,West Brom
669,1.97,Tim Krul,GK,Norwich
670,3.82,Timo Werner,FWD,Chelsea
671,2.07,Timothy Castagne,DEF,Leicester
672,1.93,Tino Livramento,DEF,Southampton
673,1.48,Tobi Omole,DEF,Spurs
674,1.67,Toby Alderweireld,DEF,Spurs
675,3.5,Todd Cantwell,MID,Norwich
676,3.37,Tom Cleverley,MID,Watford
677,1.34,Tom Davies,MID,Everton
678,1.06,Tom Heaton,GK,Aston Villa
679,3.48,Tomas Soucek,MID,West Ham
680,1.33,Tommi O'Reilly,MID,Aston Villa
681,1.75,Tommy Doyle,MID,Man City
682,0.73,Tony Springett,MID,Norwich
683,1.01,Toti António Gomes,DEF,Wolves
684,3.73,Trent Alexander-Arnold,DEF,Liverpool
685,2.06,Trevoh Chalobah,DEF,Chelsea
686,3.65,Troy Deeney,FWD,Watford
687,0.87,Tyler Morton,MID,Liverpool
688,0.62,Tyler Onyango,MID,Everton
689,2.71,Tyler Roberts,MID,Leeds
690,1.39,Tyrick Mitchell,DEF,Crystal Palace
691,1.68,Tyrone Mings,DEF,Aston Villa
692,1.9304166666666667,Vicente Guaita,GK,Crystal Palace
693,2.2,Victor Lindelöf,DEF,Man Utd
694,1.26,Viljami Sinisalo,GK,Aston Villa
695,2.92,Vincent Angelini,GK,Watford
696,2.95,Virgil van Dijk,DEF,Liverpool
697,1.57,Vitalii Mykolenko,DEF,Everton
698,2.46,Vitaly Janelt,MID,Brentford
699,2.43,Vladimir Coufal,DEF,West Ham
700,0.6,Vontae Daley-Campbell,DEF,Leicester
701,2.49,Wayne Hennessey,GK,Crystal Palace
702,0.83,Wesley Fofana,DEF,Leicester
703,2.18,Wesley Moraes,FWD,Aston Villa
704,1.5704705882352943,Wilfred Ndidi,MID,Leicester
705,3.1,Wilfried Zaha,MID,Crystal Palace
706,2.35,Will Hughes,MID,Watford
707,2.12,Will Norris,GK,Burnley
708,0.57,William Saliba,DEF,Arsenal
709,0.71,William Smallbone,MID,Southampton
710,2.92,William Troost-Ekong,DEF,Watford
711,2.43,Willian Borges Da Silva,MID,Arsenal
712,2.37,Willy Boly,DEF,Wolves
713,1.01,Willy Caballero,GK,Chelsea
714,2.11,Winston Reid,DEF,West Ham
715,2.93,Wout Weghorst,FWD,Burnley
716,2.59,Xherdan Shaqiri,MID,Liverpool
717,1.53,Yan Valery,DEF,Southampton
718,1.97,Yerry Mina,DEF,Everton
719,1.73,Yerson Mosquera Valdelamar,DEF,Wolves
720,2.29,Yoane Wissa,MID,Brentford
721,3.1,Youri Tielemans,MID,Leicester
722,3.13,Yves Bissouma,MID,Brighton
723,0.59,Zach Awe,DEF,Arsenal
724,3.16,Zack Steffen,GK,Man City
725,0.79,Zak Swanson,DEF,Arsenal
726,1.82,Álvaro Fernández,GK,Brentford
727,1.3604166666666668,Çaglar Söyüncü,DEF,Leicester
